id,first_name,last_name,email,gender,ip_address,salary
1,Tucky,Thoma,tthoma0@dmoz.org,Male,73.79.173.237,$3815.69
2,Datha,Cullivan,dcullivan1@chron.com,Female,180.153.192.115,$3312.72
3,Tiertza,Kermott,tkermott2@mail.ru,Female,113.232.118.81,$3561.28
4,Grantley,Goucher,ggoucher3@vinaora.com,Male,143.210.99.56,$2664.90
5,Aluino,Dennert,adennert4@moonfruit.com,Male,242.40.185.176,$2295.39
6,Bobbette,Janusik,bjanusik5@netvibes.com,Female,138.38.175.38,$4198.45
7,Courtnay,Redgrave,credgrave6@networksolutions.com,Female,53.125.109.17,$3021.75
8,Trumaine,Sinnott,tsinnott7@wiley.com,Male,34.12.22.240,$3040.27
9,Evonne,Kneafsey,ekneafsey8@deviantart.com,Female,14.255.205.147,$3878.70
10,Ginni,Shaves,gshaves9@hud.gov,Female,9.209.43.47,$3817.05
11,Myrta,Krop,mkropa@stanford.edu,Female,180.136.80.26,$4238.79
12,Keeley,Loades,kloadesb@lulu.com,Female,212.0.170.147,$2467.31
13,Alonso,Gilsthorpe,agilsthorpec@yahoo.co.jp,Male,225.65.81.249,$2420.83
14,Eada,Hardy,ehardyd@netscape.com,Female,150.180.240.106,$3387.16
15,Ad,Sibbering,asibberinge@booking.com,Male,227.64.93.58,$3233.65
16,Eloisa,Tobin,etobinf@twitpic.com,Female,123.213.132.6,$2816.52
17,Maurise,Empringham,mempringhamg@last.fm,Female,148.86.193.82,$4843.80
18,Cherilynn,Baldery,cbalderyh@goo.gl,Female,39.65.209.29,$3230.68
19,Lacee,Fairrie,lfairriei@timesonline.co.uk,Female,20.218.10.104,$4545.25
20,Osgood,Lineen,olineenj@cbslocal.com,Male,154.80.215.197,$3990.12
21,Cherish,Cobden,ccobdenk@nba.com,Female,211.80.106.108,$3470.55
22,Corbet,Skehan,cskehanl@army.mil,Male,103.44.106.84,$4861.12
23,Sidoney,Wildgoose,swildgoosem@hugedomains.com,Female,89.207.255.66,$2081.82
24,Taylor,O'Sirin,tosirinn@topsy.com,Male,127.181.140.56,$2097.90
25,Jephthah,Summerside,jsummersideo@free.fr,Male,215.188.149.165,$3313.80
26,Harri,Burchfield,hburchfieldp@disqus.com,Female,220.87.167.164,$4968.38
27,Lee,Normanvill,lnormanvillq@bing.com,Male,84.109.254.226,$2871.37
28,Sandi,Little,slittler@liveinternet.ru,Female,76.55.123.77,$4672.49
29,Siobhan,Betteriss,sbetterisss@youtube.com,Female,91.171.166.90,$2166.62
30,Maisie,Kittle,mkittlet@4shared.com,Female,159.72.240.115,$2449.53
31,Adamo,Enos,aenosu@oakley.com,Male,40.227.99.124,$2509.99
32,Gabbie,Sexcey,gsexceyv@icq.com,Male,220.172.98.208,$3762.08
33,Ezra,Sadgrove,esadgrovew@berkeley.edu,Male,57.177.132.243,$2019.59
34,Powell,Phillpotts,pphillpottsx@seesaa.net,Male,179.186.151.234,$4146.28
35,Jolee,L' Anglois,jlangloisy@baidu.com,Female,37.9.210.13,$4548.21
36,Tracey,Shillinglaw,tshillinglawz@wiley.com,Male,182.121.193.127,$2510.65
37,Chrissie,O'Hearn,cohearn10@npr.org,Male,126.23.231.163,$4679.33
38,Omar,Duester,oduester11@yahoo.com,Male,157.239.27.106,$4892.43
39,Spenser,Winchurch,swinchurch12@patch.com,Male,70.237.82.45,$3499.48
40,Goldina,Morot,gmorot13@google.co.jp,Female,121.10.104.169,$2429.31
41,Adrea,Worthington,aworthington14@fastcompany.com,Female,201.251.194.194,$3065.79
42,Pierce,Clemanceau,pclemanceau15@cdbaby.com,Male,37.80.125.104,$3043.62
43,Thekla,Berick,tberick16@businessinsider.com,Female,35.115.159.159,$4289.46
44,Hiram,Antecki,hantecki17@tiny.cc,Male,243.16.239.253,$4421.96
45,Gwennie,Smiths,gsmiths18@ebay.com,Female,26.151.167.80,$4758.16
46,Graham,O'Grada,gograda19@va.gov,Male,12.93.186.154,$2327.47
47,Bartolemo,Jedrys,bjedrys1a@ezinearticles.com,Male,89.212.116.164,$3437.37
48,Cathleen,Zarfati,czarfati1b@opensource.org,Female,16.27.127.132,$4541.54
49,Deloris,Colenutt,dcolenutt1c@w3.org,Female,92.182.201.183,$2185.22
50,Morgan,Henrych,mhenrych1d@addthis.com,Female,177.135.183.13,$2194.73
51,Janeta,Heaviside,jheaviside1e@un.org,Female,141.200.81.191,$2088.80
52,Ban,Lerven,blerven1f@earthlink.net,Male,254.187.176.97,$4721.98
53,Phaedra,Gurry,pgurry1g@rambler.ru,Female,119.139.36.46,$4463.66
54,Rockwell,Burger,rburger1h@bbb.org,Male,198.130.87.45,$2546.24
55,Araldo,Eneas,aeneas1i@europa.eu,Male,141.144.5.109,$2150.65
56,Filippo,Dugan,fdugan1j@constantcontact.com,Male,139.232.35.147,$2299.49
57,Engracia,Duffin,eduffin1k@shutterfly.com,Female,52.180.58.184,$3864.32
58,Jard,Cartmer,jcartmer1l@creativecommons.org,Male,89.56.64.254,$4916.99
59,Frances,Stonhouse,fstonhouse1m@odnoklassniki.ru,Female,184.64.156.72,$3510.96
60,Duke,Clarkin,dclarkin1n@webeden.co.uk,Male,29.235.145.102,$2455.35
61,Dallas,McGriffin,dmcgriffin1o@admin.ch,Male,78.151.190.127,$2225.76
62,Bessie,Whitcher,bwhitcher1p@twitpic.com,Female,92.221.203.164,$3635.06
63,Brittany,Jeste,bjeste1q@google.de,Female,149.99.216.230,$4715.92
64,Brook,Mosdall,bmosdall1r@biglobe.ne.jp,Female,181.200.212.79,$3886.83
65,Westley,Winslet,wwinslet1s@gnu.org,Male,5.3.132.155,$3264.53
66,Jan,Beadles,jbeadles1t@bravesites.com,Male,135.155.157.185,$4734.34
67,Avery,Overland,aoverland1u@tmall.com,Male,160.253.76.13,$4943.40
68,Zeke,Shalloe,zshalloe1v@jimdo.com,Male,221.219.114.98,$3448.20
69,Janith,Ocklin,jocklin1w@live.com,Female,32.63.146.26,$3123.69
70,Clarita,Dulinty,cdulinty1x@nature.com,Female,36.96.85.21,$2267.11
71,Mohandas,Vassbender,mvassbender1y@ed.gov,Male,252.86.249.149,$2473.32
72,Aylmer,Hetterich,ahetterich1z@google.com.br,Male,222.235.75.31,$3187.34
73,Alyda,Spellacy,aspellacy20@last.fm,Female,174.176.53.94,$2583.25
74,Kearney,Sneezum,ksneezum21@photobucket.com,Male,92.35.110.160,$4743.00
75,Harald,Thomazet,hthomazet22@smugmug.com,Male,68.108.55.172,$4253.29
76,Hort,Woolhouse,hwoolhouse23@xinhuanet.com,Male,163.112.13.136,$4801.67
77,Anabelle,Paolozzi,apaolozzi24@netlog.com,Female,248.156.208.235,$3552.34
78,Ginger,Niles,gniles25@google.ca,Male,134.245.172.17,$3019.57
79,Amye,Espinosa,aespinosa26@gravatar.com,Female,191.36.193.23,$4421.21
80,Tate,Jacquest,tjacquest27@constantcontact.com,Male,12.95.146.221,$3556.09
81,Maire,Windybank,mwindybank28@cam.ac.uk,Female,85.103.75.251,$2994.99
82,Alexandro,Saladine,asaladine29@hao123.com,Male,123.2.244.163,$4623.35
83,Sabina,De Roos,sderoos2a@yahoo.co.jp,Female,225.107.93.171,$2350.52
84,Bibi,Galvin,bgalvin2b@theguardian.com,Female,81.160.90.110,$4547.93
85,Reagan,Fortye,rfortye2c@webnode.com,Male,13.151.144.107,$3320.76
86,Hanson,Edser,hedser2d@mysql.com,Male,110.238.172.105,$3794.55
87,Cammi,Habercham,chabercham2e@chronoengine.com,Female,142.52.242.125,$3378.94
88,Bonnie,Thurstance,bthurstance2f@gov.uk,Female,9.27.51.22,$4600.94
89,Alastair,Piper,apiper2g@reddit.com,Male,123.5.130.45,$3390.76
90,Hali,Absolon,habsolon2h@wordpress.com,Female,253.48.44.238,$3078.25
91,Margalo,Locket,mlocket2i@toplist.cz,Female,116.207.31.250,$3057.71
92,Romeo,Coyle,rcoyle2j@java.com,Male,106.42.186.1,$4125.64
93,Quincey,Linneman,qlinneman2k@webs.com,Male,2.144.244.220,$3227.97
94,Charity,Wonter,cwonter2l@nature.com,Female,125.248.30.57,$2567.36
95,Abeu,Lethem,alethem2m@goo.ne.jp,Male,46.142.233.94,$4841.75
96,Gil,Rohmer,grohmer2n@i2i.jp,Male,25.245.203.60,$3145.14
97,Shaine,Dishmon,sdishmon2o@quantcast.com,Male,133.249.220.90,$3355.48
98,Goldina,Bartolomivis,gbartolomivis2p@msn.com,Female,17.138.72.193,$4576.70
99,Janaya,Karslake,jkarslake2q@hibu.com,Female,183.63.104.11,$3330.36
100,Lauryn,Leythley,lleythley2r@sohu.com,Female,24.254.97.32,$2681.74
